exp_ID	alpha_EZ	alpha_ZE	e_return	t5p	t5p_first	tTiny	tTiny_first	total_drug_in
qlearning_micZ140.0	-0.03	0.0	15.240898629698643	[455.55797741]	455.55797741	[996.61076195]	996.61076195	360.0
qlearning_micZ140.1	0.0	0.0	12.52744258753192	[1234.87661742 2225.65787229 2359.1750149  2387.43958646 2704.28350399	1234.87661742		N/A	
qlearning_micZ140.2	0.02	0.0	12.414367380025373	[912.29028095]	912.29028095	[2367.97252989]	2367.97252989	1602.0
