exp_ID	alpha_EZ	alpha_ZE	e_return	t5p	t5p_first	tTiny	tTiny_first	total_drug_in
qlearning_micEZ70.0	-0.03	0.0	14.646359597980481	[614.38901827]	614.38901827	[1228.52421983]	1228.52421983	540.0
qlearning_micEZ70.1	0.0	0.0	12.284042979542193	[ 604.2944531  1420.4896115  2717.01982107 3229.92924526 4154.34929331 4242.29760409 5595.22476053]	604.2944531	[]	N/A	1233.0
qlearning_micEZ70.2	0.02	0.0	13.49308814139778	[851.07186082]	851.07186082	[2289.15747476]	2289.15747476	1143.0
