exp_ID	alpha_EZ	alpha_ZE	e_return	t5p	t5p_first	tTiny	tTiny_first	total_drug_in
qlearning_micEZ70.0	-0.03	0.0	14.211221126126212	[865.72693238]	865.72693238	[1897.90508463]	1897.90508463	738.0
qlearning_micEZ70.1	0.0	0.0	14.25983461528302	[604.2944531]	604.2944531	[1879.68666305]	1879.68666305	756.0
qlearning_micEZ70.2	0.02	0.0	14.266187874030944	[601.42283053]	601.42283053	[1938.02421485]	1938.02421485	756.0
